{"cameraMode":{"drawMode":0,"name":"Shaded","section":"Shading Mode"},"sceneLighting":false,"audioPlay":false,"sceneViewState":{"showFog":true,"showMaterialUpdate":false,"showSkybox":false,"showFlares":true,"showImageEffects":true,"showParticleSystems":true},"in2DMode":false,"pivot":{"x":-0.00025073724100366235,"y":0.000003952067345380783,"z":-0.00007890153210610151},"rotation":{"x":0.27669191360473635,"y":0.4533616900444031,"z":-0.15043962001800538,"w":0.8338326215744019},"size":0.001457712845876813,"orthographic":false}