{"cameraMode":{"drawMode":0,"name":"Shaded","section":"Shading Mode"},"sceneLighting":false,"audioPlay":false,"sceneViewState":{"showFog":true,"showMaterialUpdate":false,"showSkybox":false,"showFlares":true,"showImageEffects":true,"showParticleSystems":true},"in2DMode":false,"pivot":{"x":-0.0009988025994971395,"y":0.0040148282423615459,"z":-0.0007491619326174259},"rotation":{"x":0.18478892743587495,"y":0.03831752762198448,"z":-0.007210735231637955,"w":0.9820051193237305},"size":2.7016773223876955,"orthographic":false}