{"cameraMode":{"drawMode":0,"name":"Shaded","section":"Shading Mode"},"sceneLighting":false,"audioPlay":false,"sceneViewState":{"showFog":true,"showMaterialUpdate":false,"showSkybox":false,"showFlares":true,"showImageEffects":true,"showParticleSystems":true},"in2DMode":false,"pivot":{"x":0.012249186635017395,"y":0.8819395303726196,"z":-1.2540829181671143},"rotation":{"x":0.011994866654276848,"y":0.0284942165017128,"z":-0.0003419648273847997,"w":0.9995219707489014},"size":1.5636968612670899,"orthographic":true}